READING: create_reading,2025-06-02 16:39:17
KANJI: create_kanji,2025-06-02 16:39:17
READING: create_reading,2025-06-02 16:39:17
KANJI: create_kanji,2025-06-02 16:39:17
READING: create_reading,2025-06-02 16:39:17
KANJI: create_kanji,2025-06-02 16:39:17
READING: create_reading,2025-06-02 16:39:17
KANJI: create_kanji,2025-06-02 16:39:17
READING: create_reading,2025-06-02 16:39:17
KANJI: create_kanji,2025-06-02 16:39:17
READING: create_reading,2025-06-02 16:39:17
KANJI: create_kanji,2025-06-02 16:39:17
READING: create_reading,2025-06-02 16:39:17
KANJI: create_kanji,2025-06-02 16:39:17
READING: create_reading,2025-06-02 16:39:18
KANJI: create_kanji,2025-06-02 16:39:18
READING: create_reading,2025-06-02 16:39:18
KANJI: create_kanji,2025-06-02 16:39:18
READING: create_reading,2025-06-02 16:39:18
KANJI: create_kanji,2025-06-02 16:39:18
WORD: create_word,2025-06-02 16:39:18
WORD: create_word,2025-06-02 16:39:18
WORD: create_word,2025-06-02 16:39:18
WORD: create_word,2025-06-02 16:39:18
WORD: create_word,2025-06-02 16:39:18
WORD: create_word,2025-06-02 16:39:18
WORD: create_word,2025-06-02 16:39:18
WORD: create_word,2025-06-02 16:39:18
WORD: create_word,2025-06-02 16:39:18
WORD: create_word,2025-06-02 16:39:18
PHRASE: create_phrase,2025-06-02 16:39:18
PHRASE: create_phrase,2025-06-02 16:39:18
PHRASE: create_phrase,2025-06-02 16:39:18
PHRASE: create_phrase,2025-06-02 16:39:18
PHRASE: create_phrase,2025-06-02 16:39:18
PHRASE: create_phrase,2025-06-02 16:39:18
PHRASE: create_phrase,2025-06-02 16:39:18
PHRASE: create_phrase,2025-06-02 16:39:18
PHRASE: create_phrase,2025-06-02 16:39:18
PHRASE: create_phrase,2025-06-02 16:39:18
READING: create_reading,2025-06-02 16:39:37
READING: read_all_readings,2025-06-02 16:39:37
READING: update_reading,2025-06-02 16:39:37
READING: delete_reading,2025-06-02 16:39:37
READING: read_all_reading,2025-06-02 16:40:14
KANJI: read_all_kanji,2025-06-02 16:40:14
WORD: read_all_words,2025-06-02 16:40:14
PHRASE: read_all_phrases,2025-06-02 16:40:14
READING: delete_reading,2025-06-02 16:40:45
KANJI: delete_kanji,2025-06-02 16:40:45
READING: read_all_reading,2025-06-02 16:41:17
KANJI: read_all_kanji,2025-06-02 16:41:17
WORD: read_all_words,2025-06-02 16:41:17
PHRASE: read_all_phrases,2025-06-02 16:41:17
READING: read_all_reading,2025-06-02 16:41:20
KANJI: read_all_kanji,2025-06-02 16:41:20
WORD: read_all_words,2025-06-02 16:41:20
PHRASE: read_all_phrases,2025-06-02 16:41:20
WORD: create_word,2025-06-02 16:44:52
WORD: delete_word,2025-06-02 16:45:44
WORD: create_word,2025-06-02 16:46:01
WORD: read_word,2025-06-02 16:46:13
WORD: read_word,2025-06-02 17:04:21
WORD: update_word,2025-06-02 17:05:10
WORD: delete_word,2025-06-02 17:05:47
READING: create_reading,2025-06-02 17:06:06
KANJI: create_kanji,2025-06-02 17:06:06
READING: read_reading,2025-06-02 17:06:36
KANJI: read_kanji,2025-06-02 17:06:36
READING: delete_reading,2025-06-02 17:09:40
KANJI: delete_kanji,2025-06-02 17:09:40
PHRASE: create_phrase,2025-06-02 17:10:26
PHRASE: read_phrase,2025-06-02 17:10:42
PHRASE: read_phrase,2025-06-02 17:11:23
PHRASE: update_phrase,2025-06-02 17:11:29
PHRASE: delete_phrase,2025-06-02 17:11:57
READING: create_reading,2025-06-02 17:12:09
KANJI: create_kanji,2025-06-02 17:12:09
READING: read_reading,2025-06-02 17:12:48
KANJI: read_kanji,2025-06-02 17:12:48
READING: update_reading,2025-06-02 17:12:59
KANJI: update_kanji,2025-06-02 17:12:59
READING: read_reading,2025-06-02 17:13:22
KANJI: read_kanji,2025-06-02 17:13:22
READING: update_reading,2025-06-02 17:13:28
KANJI: update_kanji,2025-06-02 17:13:28
READING: delete_reading,2025-06-02 17:13:50
KANJI: delete_kanji,2025-06-02 17:13:50
